<?xml version="1.0" encoding="UTF-8"?>
<project-private xmlns="http://www.netbeans.org/ns/project-private/1">
    <editor-bookmarks xmlns="http://www.netbeans.org/ns/editor-bookmarks/2" lastBookmarkId="0"/>
    <open-files xmlns="http://www.netbeans.org/ns/projectui-open-files/2">
        <group>
            <file>file:/C:/Users/lenovo/OneDrive%20-%20Higher%20Education%20Commission/Documents/Desktop/Jawad%20Ahmed/prject/Car%20Parking%20Manangement%20dy%20Group%202/src/IParkable.java</file>
            <file>file:/C:/Users/lenovo/OneDrive%20-%20Higher%20Education%20Commission/Documents/Desktop/Jawad%20Ahmed/prject/Car%20Parking%20Manangement%20dy%20Group%202/src/ParkingSlot.java</file>
            <file>file:/C:/Users/lenovo/OneDrive%20-%20Higher%20Education%20Commission/Documents/Desktop/Jawad%20Ahmed/prject/Car%20Parking%20Manangement%20dy%20Group%202/src/Main.java</file>
            <file>file:/C:/Users/lenovo/OneDrive%20-%20Higher%20Education%20Commission/Documents/Desktop/Jawad%20Ahmed/prject/Car%20Parking%20Manangement%20dy%20Group%202/src/InvalidInputException.java</file>
            <file>file:/C:/Users/lenovo/OneDrive%20-%20Higher%20Education%20Commission/Documents/Desktop/Jawad%20Ahmed/prject/Car%20Parking%20Manangement%20dy%20Group%202/src/Vehicle.java</file>
            <file>file:/C:/Users/lenovo/OneDrive%20-%20Higher%20Education%20Commission/Documents/Desktop/Jawad%20Ahmed/prject/Car%20Parking%20Manangement%20dy%20Group%202/src/Car.java</file>
            <file>file:/C:/Users/lenovo/OneDrive%20-%20Higher%20Education%20Commission/Documents/Desktop/Jawad%20Ahmed/prject/Car%20Parking%20Manangement%20dy%20Group%202/src/User.java</file>
            <file>file:/C:/Users/lenovo/OneDrive%20-%20Higher%20Education%20Commission/Documents/Desktop/Jawad%20Ahmed/prject/Car%20Parking%20Manangement%20dy%20Group%202/src/ParkingManager.java</file>
        </group>
    </open-files>
</project-private>
